id,miss/V,chi_nsubj|chi_obl:agent
miss/fic_1920_2724_cleaned_part37.txt/10,['miss/V'],['who/nsubj']
miss/fic_1920_1158_cleaned_part134.txt/40,['miss/V'],['rydal/nsubj']
miss/fic_1929_16406_cleaned_part127.txt/11,['miss/V'],['one/nsubj']
miss/fic_1920_2724_cleaned_part124.txt/13,['miss/V'],['who/nsubj']
miss/fic_1911_2633_cleaned_part209.txt/57,['miss/V'],['anything/nsubj']
miss/fic_1919_1218_cleaned_part36.txt/39,['miss/V'],['who/nsubj']
miss/fic_1921_5087_cleaned_part272.txt/30,['miss/V'],['eye/nmod:poss']
miss/fic_1916_264_cleaned_part275.txt/54,['miss/V'],['blow/nmod:poss']
miss/fic_1922_2484_cleaned_part118.txt/26,['miss/V'],['grandmother/nmod:poss']
miss/fic_1923_5333_cleaned_part326.txt/43,['miss/V'],['who/nsubj']
miss/fic_1917_2737_cleaned_part335.txt/46,['miss/V'],['who/nsubj']
miss/fic_1920_1158_cleaned_part379.txt/38,['miss/V'],['one/advmod']
miss/fic_1919_1218_cleaned_part199.txt/34,['miss/V'],['mother/nmod:poss']
miss/fic_1920_3291_cleaned_part454.txt/97,['miss/V'],['who/nsubj']
miss/fic_1912_941_cleaned_part540.txt/41,['miss/V'],['nobody/nsubj']
miss/fic_1914_3525_cleaned_part57.txt/5,['miss/V'],['gladys/nsubj']
miss/fic_1923_13942_cleaned_part150.txt/13,['miss/V'],['year/nummod']
miss/fic_1920_4738_cleaned_part675.txt/57,['miss/V'],['grown-up/nsubj']
miss/fic_1921_2669_cleaned_part741.txt/30,['miss/V'],['mill/nsubj']
miss/fic_1915_3458_cleaned_part758.txt/89,['miss/V'],['marteau/nsubj']
miss/fic_1919_1218_cleaned_part556.txt/4,['miss/V'],['death/nsubj']
miss/fic_1910_1148_cleaned_part760.txt/37,['miss/V'],['some/nsubj']
miss/fic_1921_2669_cleaned_part836.txt/31,['miss/V'],['mother/nsubj']
miss/fic_1919_1218_cleaned_part671.txt/27,['miss/V'],['two/nsubj']
miss/fic_1911_13932_cleaned_part973.txt/27,['miss/V'],['davis/nsubj']
miss/fic_1917_2681_cleaned_part332.txt/24,['miss/V'],['father/nmod:poss']
miss/fic_1920_5739_cleaned_part888.txt/48,['miss/V'],['which/nsubj']
miss/fic_1921_14283_cleaned_part887.txt/26,['miss/V'],['andy/nsubj']
miss/fic_1920_3090_cleaned_part124.txt/19,['miss/V'],['nobody/nsubj']
miss/fic_1911_2633_cleaned_part971.txt/43,['miss/V'],['detective/nmod:poss']
miss/fic_1912_5462_cleaned_part823.txt/37,['miss/V'],['mr.-/nsubj']
miss/fic_1920_2636_cleaned_part1077.txt/14,['miss/V'],['that/nsubj']
miss/fic_1920_2636_cleaned_part1101.txt/51,['miss/V'],['tithonus/nsubj']
miss/fic_1914_13908_cleaned_part368.txt/6,['miss/V'],['mrs.-/nsubj']
miss/fic_1912_5462_cleaned_part992.txt/35,['miss/V'],['katherine/nsubj']
miss/fic_1929_14119_cleaned_part90.txt/22,['miss/V'],['fritzie/nsubj']
miss/fic_1912_1079_cleaned_part635.txt/61,['miss/V'],['what/nsubj']
miss/fic_1912_1079_cleaned_part641.txt/52,['miss/V'],['kate/nsubj']
miss/fic_1923_14067_cleaned_part8.txt/18,['miss/V'],['again/nsubj']
miss/fic_1922_16077_cleaned_part234.txt/61,['miss/V'],['ichabod/nsubj']
miss/fic_1921_3264_cleaned_part66.txt/15,['miss/V'],['bee/nmod:poss']
miss/fic_1914_1587_cleaned_part1296.txt/90,['miss/V'],['company/nsubj']
miss/fic_1917_2737_cleaned_part1297.txt/34,['miss/V'],['kent/nsubj']
miss/fic_1921_5087_cleaned_part1310.txt/72,['miss/V'],['man/amod']
miss/fic_1917_14019_cleaned_part418.txt/17,['miss/V'],['eye/nmod:poss']
miss/fic_1922_5357_cleaned_part27.txt/38,['miss/V'],['who/nsubj']
miss/fic_1917_387_cleaned_part1275.txt/83,['miss/V'],['that/nsubj']
miss/fic_1917_387_cleaned_part1300.txt/137,['miss/V'],['that/nsubj']
miss/fic_1916_3028_cleaned_part1440.txt/29,['miss/V'],['that/nsubj']
miss/fic_1922_4196_cleaned_part15.txt/23,['miss/V'],['darragh/nsubj']
miss/fic_1917_387_cleaned_part1409.txt/23,['miss/V'],['eye/nmod:poss']
miss/fic_1913_4403_cleaned_part1499.txt/15,['miss/V'],['auntie/nsubj']
miss/fic_1927_13922_cleaned_part671.txt/10,['miss/V'],['field/nmod:poss']
miss/fic_1922_2327_cleaned_part54.txt/51,['miss/V'],['betty/nsubj']
miss/fic_1916_3028_cleaned_part1621.txt/18,['miss/V'],['george/nsubj']
miss/fic_1929_4515_cleaned_part155.txt/55,['miss/V'],['some/nsubj']
miss/fic_1918_1051_cleaned_part697.txt/18,['miss/V'],['mr.-/nsubj']
miss/fic_1914_14624_cleaned_part831.txt/47,['miss/V'],['belle/nsubj']
miss/fic_1911_1816_cleaned_part715.txt/124,['miss/V'],['rifle/nmod:poss']
miss/fic_1921_316_cleaned_part498.txt/26,['miss/V'],['who/nsubj']
miss/fic_1918_1792_cleaned_part109.txt/70,['miss/V'],['both/nsubj']
miss/fic_1912_2727_cleaned_part48.txt/42,['miss/V'],['courtesy/nsubj']
miss/fic_1922_1833_cleaned_part1590.txt/31,['miss/V'],['any/nsubj']
miss/fic_1920_3093_cleaned_part611.txt/19,['miss/V'],['who/nsubj']
miss/fic_1918_1792_cleaned_part135.txt/5,['miss/V'],['trouble/nsubj']
miss/fic_1917_387_cleaned_part1625.txt/18,['miss/V'],['that/nsubj']
miss/fic_1921_483_cleaned_part104.txt/9,['miss/V'],['buddy/nsubj']
miss/fic_1921_3835_cleaned_part1266.txt/71,['miss/V'],['grandfather/nmod:poss']
miss/fic_1921_3815_cleaned_part1775.txt/36,['miss/V'],['arthur/nsubj']
miss/fic_1922_4196_cleaned_part315.txt/56,['miss/V'],['eye/nmod:poss']
miss/fic_1921_946_cleaned_part258.txt/20,['miss/V'],['that/nsubj']
miss/fic_1921_5302_cleaned_part467.txt/92,['miss/V'],['norma/nsubj']
miss/fic_1911_5835_cleaned_part1215.txt/14,['miss/V'],['tante/nsubj']
miss/fic_1913_4403_cleaned_part328.txt/75,['miss/V'],['who/nsubj']
miss/fic_1921_483_cleaned_part1.txt/98,['miss/V'],['bud/nsubj']
miss/fic_1921_2669_cleaned_part1838.txt/33,['miss/V'],['murray/nsubj']
miss/fic_1918_3785_cleaned_part150.txt/4,['miss/V'],['peggy/nsubj']
miss/fic_1914_145_cleaned_part388.txt/46,['miss/V'],['importent/nsubj']
miss/fic_1922_1836_cleaned_part339.txt/57,['miss/V'],['which/nsubj']
miss/fic_1914_145_cleaned_part357.txt/31,['miss/V'],['penrod/nsubj']
miss/fic_1914_13910_cleaned_part75.txt/60,['miss/V'],['sand/nsubj']
miss/fic_1916_3612_cleaned_part988.txt/40,['miss/V'],['man/nmod:poss']
miss/fic_1920_1396_cleaned_part923.txt/54,['miss/V'],['fred/nsubj']
miss/fic_1914_2615_cleaned_part1229.txt/60,['miss/V'],['carl/nsubj']
miss/fic_1919_3153_cleaned_part458.txt/79,['miss/V'],['which/nsubj']
miss/fic_1921_3815_cleaned_part2002.txt/64,['miss/V'],['mona/nsubj']
miss/fic_1922_1836_cleaned_part701.txt/25,['miss/V'],['lila/nsubj']
miss/fic_1912_3459_cleaned_part28.txt/40,['miss/V'],['abel/nsubj']
miss/fic_1920_3319_cleaned_part446.txt/30,['miss/V'],['public/amod']
miss/fic_1913_481_cleaned_part27.txt/42,['miss/V'],['father/nsubj']
miss/fic_1920_1396_cleaned_part1073.txt/8,['miss/V'],['one/det']
miss/fic_1920_1396_cleaned_part1074.txt/6,['miss/V'],['man/nmod:poss']
miss/fic_1920_1396_cleaned_part1077.txt/89,['miss/V'],['each/nsubj']
miss/fic_1910_3502_cleaned_part1012.txt/77,['miss/V'],['each/nsubj']
miss/fic_1912_1582_cleaned_part259.txt/30,['miss/V'],['dainty/nsubj']
miss/fic_1921_5302_cleaned_part807.txt/10,['miss/V'],['that/nsubj']
miss/fic_1920_3375_cleaned_part654.txt/3,['miss/V'],['harry/nsubj']
miss/fic_1912_14630_cleaned_part489.txt/31,['miss/V'],['nobody/nsubj']
miss/fic_1922_1547_cleaned_part195.txt/84,['miss/V'],['friend/nmod:poss']
miss/fic_1910_1487_cleaned_part55.txt/17,['miss/V'],['what/nsubj']
miss/fic_1913_4403_cleaned_part1232.txt/59,['miss/V'],['something/nsubj']
miss/fic_1921_5230_cleaned_part1419.txt/9,['miss/V'],['motor/nmod:poss']
miss/fic_1911_5835_cleaned_part1393.txt/40,['miss/V'],['karen/nsubj']
miss/fic_1921_305_cleaned_part472.txt/10,['miss/V'],['one/nsubj']
miss/fic_1913_5228_cleaned_part59.txt/41,['miss/V'],['phil/nsubj']
miss/fic_1921_305_cleaned_part674.txt/49,['miss/V'],['linda/nsubj']
miss/fic_1924_2687_cleaned_part952.txt/35,['miss/V'],['hugh/nsubj']
miss/fic_1921_1256_cleaned_part2295.txt/74,['miss/V'],['which/nsubj']
miss/fic_1921_3246_cleaned_part618.txt/55,['miss/V'],['nothing/nsubj']
miss/fic_1918_1051_cleaned_part875.txt/20,['miss/V'],['kate/nsubj']
miss/fic_1920_1800_cleaned_part428.txt/35,['miss/V'],['husband/nmod:poss']
miss/fic_1916_1760_cleaned_part236.txt/43,['miss/V'],['who/nsubj']
miss/fic_1922_4266_cleaned_part421.txt/28,['miss/V'],"['mata/nsubj', 'mother/nsubj']"
miss/fic_1916_2948_cleaned_part319.txt/58,['miss/V'],['lawrence/nsubj']
miss/fic_1916_3504_cleaned_part737.txt/36,['miss/V'],['father/nmod:poss']
miss/fic_1922_3477_cleaned_part582.txt/6,['miss/V'],['what/nsubj']
miss/fic_1915_2358_cleaned_part159.txt/18,['miss/V'],['jack/nsubj']
miss/fic_1919_1548_cleaned_part433.txt/20,['miss/V'],"['this/nsubj', 'mr.-/nsubj']"
miss/fic_1918_1051_cleaned_part1202.txt/67,['miss/V'],['all/nsubj']
miss/fic_1922_3477_cleaned_part696.txt/5,['miss/V'],['doctor/nsubj']
miss/fic_1910_5623_cleaned_part168.txt/56,['miss/V'],['partner/nmod:poss']
miss/fic_1920_1800_cleaned_part752.txt/55,['miss/V'],['ruth/nsubj']
miss/fic_1915_2787_cleaned_part346.txt/66,['miss/V'],['mr.-/nsubj']
miss/fic_1919_3698_cleaned_part377.txt/54,['miss/V'],['nobody/nsubj']
miss/fic_1920_550_cleaned_part937.txt/7,['miss/V'],['reporter/nsubj']
miss/fic_1922_2297_cleaned_part1602.txt/38,['miss/V'],['doug/nsubj']
miss/fic_1917_13495_cleaned_part305.txt/4,['miss/V'],['maria/nsubj']
miss/fic_1922_2566_cleaned_part664.txt/102,['miss/V'],['countryman/nmod:poss']
miss/fic_1916_2860_cleaned_part2.txt/80,['miss/V'],['eye/nmod:poss']
miss/fic_1912_3500_cleaned_part601.txt/34,['miss/V'],['trail/nmod:poss']
miss/fic_1915_13926_cleaned_part774.txt/26,['miss/V'],['ball/nmod:poss']
miss/fic_1915_2358_cleaned_part627.txt/3,['miss/V'],['davis/nsubj']
miss/fic_1915_2787_cleaned_part756.txt/46,['miss/V'],['heart/nmod:poss']
miss/fic_1922_3396_cleaned_part375.txt/5,['miss/V'],['miss/nsubj']
miss/fic_1918_380_cleaned_part353.txt/35,['miss/V'],['burro/nsubj']
miss/fic_1913_4676_cleaned_part408.txt/75,['miss/V'],['pistol/nmod:poss']
miss/fic_1928_14118_cleaned_part40.txt/20,['miss/V'],['who/nsubj']
miss/fic_1922_2523_cleaned_part241.txt/28,['miss/V'],['life/nmod:poss']
miss/fic_1921_2435_cleaned_part280.txt/62,['miss/V'],['heart/nmod:poss']
miss/fic_1914_4332_cleaned_part71.txt/66,['miss/V'],['that/nsubj']
miss/fic_1913_4676_cleaned_part486.txt/7,['miss/V'],['jarrow/nsubj']
miss/fic_1913_4840_cleaned_part501.txt/83,['miss/V'],['who/nsubj']
miss/fic_1912_3500_cleaned_part884.txt/21,['miss/V'],['nobody/nsubj']
miss/fic_1929_1399_cleaned_part45.txt/74,['miss/V'],['norah/nsubj']
miss/fic_1921_3531_cleaned_part27.txt/10,['miss/V'],['one/det']
miss/fic_1910_5623_cleaned_part922.txt/72,['miss/V'],['companion/nmod:poss']
miss/fic_1929_1399_cleaned_part164.txt/4,['miss/V'],['one/det']
miss/fic_1921_4627_cleaned_part2245.txt/14,['miss/V'],['heart/nmod:poss']
miss/fic_1911_2319_cleaned_part185.txt/8,['miss/V'],['brill/nsubj']
miss/fic_1918_380_cleaned_part717.txt/43,['miss/V'],['lovin/nsubj']
miss/fic_1917_1262_cleaned_part26.txt/33,['miss/V'],['look/nmod:poss']
miss/fic_1914_3474_cleaned_part791.txt/47,['miss/V'],['john/nsubj']
miss/fic_1918_380_cleaned_part860.txt/58,['miss/V'],['kid/nsubj']
miss/fic_1910_5623_cleaned_part1203.txt/81,['miss/V'],['dog/nmod:poss']
miss/fic_1921_3420_cleaned_part220.txt/57,['miss/V'],['henry/nsubj']
miss/fic_1923_239_cleaned_part650.txt/37,['miss/V'],['neither/nsubj']
miss/fic_1925_13340_cleaned_part913.txt/10,['miss/V'],"[""o'riley/nsubj""]"
miss/fic_1921_3420_cleaned_part466.txt/8,['miss/V'],['peg/nsubj']
miss/fic_1922_1944_cleaned_part309.txt/27,['miss/V'],['marmaduke/nsubj']
miss/fic_1910_3293_cleaned_part556.txt/77,['miss/V'],['which/nsubj']
miss/fic_1913_1776_cleaned_part132.txt/18,['miss/V'],['mr.-/nsubj']
miss/fic_1917_1915_cleaned_part14.txt/50,['miss/V'],['joy/nsubj']
miss/fic_1920_2360_cleaned_part967.txt/16,['miss/V'],['nobody/nsubj']
miss/fic_1918_3645_cleaned_part35.txt/30,['miss/V'],['one/det']
miss/fic_1921_2488_cleaned_part196.txt/20,['miss/V'],['nothing/nsubj']
miss/fic_1919_3029_cleaned_part197.txt/78,['miss/V'],['one/nsubj']
miss/fic_1925_16214_cleaned_part1217.txt/81,['miss/V'],['one/det']
miss/fic_1921_5695_cleaned_part1620.txt/75,['miss/V'],['peter/nsubj']
miss/fic_1911_1481_cleaned_part159.txt/75,['miss/V'],['leslie/nsubj']
miss/fic_1921_5695_cleaned_part1655.txt/8,['miss/V'],['one/nsubj']
miss/fic_1918_3115_cleaned_part387.txt/61,['miss/V'],['alicia/nsubj']
miss/fic_1911_2319_cleaned_part879.txt/21,['miss/V'],['allan/nsubj']
miss/fic_1916_465_cleaned_part226.txt/24,['miss/V'],['mr.-/nsubj']
miss/fic_1912_388_cleaned_part150.txt/40,['miss/V'],['that/nsubj']
miss/fic_1919_3029_cleaned_part305.txt/40,['miss/V'],['wife/nmod:poss']
miss/fic_1913_4840_cleaned_part1467.txt/76,['miss/V'],['something/nsubj']
miss/fic_1913_4840_cleaned_part1480.txt/104,['miss/V'],['something/nsubj']
miss/fic_1916_3807_cleaned_part125.txt/21,['miss/V'],['wife/nmod:poss']
miss/fic_1924_220_cleaned_part78.txt/40,['miss/V'],['skipper/nmod:poss']
miss/fic_1919_3067_cleaned_part616.txt/11,['miss/V'],['hen/nsubj']
miss/fic_1913_1776_cleaned_part362.txt/56,['miss/V'],['anybody/nsubj']
miss/fic_1920_2502_cleaned_part198.txt/40,['miss/V'],['shot/nmod:poss']
miss/fic_1922_368_cleaned_part1334.txt/40,['miss/V'],['none/nsubj']
miss/fic_1914_5125_cleaned_part230.txt/80,['miss/V'],['something/nsubj']
miss/fic_1922_1944_cleaned_part783.txt/59,['miss/V'],['marmaduke/nsubj']
miss/fic_1924_220_cleaned_part75.txt/36,['miss/V'],['hand/nmod:poss']
miss/fic_1920_2975_cleaned_part1642.txt/13,['miss/V'],['train/nmod:poss']
miss/fic_1921_5699_cleaned_part914.txt/60,['miss/V'],['who/nsubj']
miss/fic_1921_2501_cleaned_part786.txt/6,['miss/V'],['monte/nsubj']
miss/fic_1921_3298_cleaned_part444.txt/63,['miss/V'],['hat/nmod:poss']
miss/fic_1920_13941_cleaned_part70.txt/32,['miss/V'],['sterrett/nsubj']
miss/fic_1925_14008_cleaned_part674.txt/52,['miss/V'],['that/nsubj']
miss/fic_1921_5695_cleaned_part2272.txt/53,['miss/V'],['anastasie/nsubj']
miss/fic_1918_3115_cleaned_part1049.txt/56,['miss/V'],['each/nsubj']
miss/fic_1910_3293_cleaned_part1486.txt/88,['miss/V'],['who/nsubj']
miss/fic_1918_3115_cleaned_part1211.txt/8,['miss/V'],['dorothy/nsubj']
miss/fic_1927_14374_cleaned_part399.txt/22,['miss/V'],['evans/nsubj']
miss/fic_1917_14622_cleaned_part116.txt/5,['miss/V'],['petrowski/nsubj']
miss/fic_1928_13484_cleaned_part22.txt/47,['miss/V'],['mrs.-/nsubj']
miss/fic_1928_13484_cleaned_part22.txt/55,['miss/V'],['kiss/nsubj']
miss/fic_1912_1583_cleaned_part215.txt/28,['miss/V'],['companion/nmod:poss']
miss/fic_1921_3298_cleaned_part970.txt/9,['miss/V'],['aunt/nsubj']
miss/fic_1921_3298_cleaned_part985.txt/68,['miss/V'],['that/nsubj']
miss/fic_1914_5125_cleaned_part1013.txt/23,['miss/V'],['the/nsubj']
miss/fic_1917_2199_cleaned_part786.txt/29,['miss/V'],['nothing/nsubj']
miss/fic_1914_3501_cleaned_part270.txt/120,['miss/V'],['bessie/nsubj']
miss/fic_1917_14066_cleaned_part915.txt/5,['miss/V'],['uncle/nsubj']
miss/fic_1922_2522_cleaned_part873.txt/63,['miss/V'],['something/nsubj']
miss/fic_1922_461_cleaned_part461.txt/33,['miss/V'],['witness/nsubj']
miss/fic_1917_14066_cleaned_part895.txt/24,['miss/V'],['uncle/nsubj']
miss/fic_1922_2326_cleaned_part56.txt/26,['miss/V'],['bill/amod']
miss/fic_1914_5125_cleaned_part1155.txt/34,['miss/V'],['who/nsubj']
miss/fic_1912_1583_cleaned_part433.txt/15,['miss/V'],['han/nsubj']
miss/fic_1922_4933_cleaned_part923.txt/20,['miss/V'],['cousin/nsubj']
miss/fic_1927_14374_cleaned_part797.txt/29,['miss/V'],['jessie/nsubj']
miss/fic_1922_2197_cleaned_part264.txt/35,['miss/V'],['that/nsubj']
miss/fic_1917_2199_cleaned_part1074.txt/83,['miss/V'],['the/nsubj']
miss/fic_1922_2522_cleaned_part1110.txt/48,['miss/V'],['who/nsubj']
miss/fic_1918_5728_cleaned_part1476.txt/99,['miss/V'],['mr.-/nsubj']
miss/fic_1918_5728_cleaned_part1477.txt/23,['miss/V'],['mr.-/nsubj']
miss/fic_1920_284_cleaned_part148.txt/121,['miss/V'],['amory/nsubj']
miss/fic_1926_14117_cleaned_part351.txt/17,['miss/V'],['mago/nsubj']
miss/fic_1916_465_cleaned_part871.txt/109,['miss/V'],['william/nsubj']
miss/fic_1918_3832_cleaned_part486.txt/16,['miss/V'],['polly/nsubj']
miss/fic_1917_5127_cleaned_part42.txt/96,['miss/V'],['one/det']
miss/fic_1920_284_cleaned_part181.txt/128,['miss/V'],['what/nsubj']
miss/fic_1917_5127_cleaned_part74.txt/31,['miss/V'],['one/det']
miss/fic_1920_2811_cleaned_part1795.txt/61,['miss/V'],['kitty/nsubj']
miss/fic_1917_776_cleaned_part1982.txt/54,['miss/V'],['maxie/nsubj']
miss/mag_1919_430823_cleaned_part55.txt/25,['miss/V'],['who/nsubj']
miss/fic_1914_5125_cleaned_part1990.txt/48,['miss/V'],['river/compound']
miss/mag_1915_487182_cleaned_part211.txt/105,['miss/V'],['iambic/nsubj']
miss/mag_1912_487139_cleaned_part22.txt/3,['miss/V'],['one/nsubj']
miss/fic_1917_776_cleaned_part2375.txt/23,['miss/V'],['one/nsubj']
miss/news_1913_680801_cleaned_part35.txt/35,['miss/V'],['merkle/nsubj']
miss/mag_1920_430831_cleaned_part32.txt/4,['miss/V'],['people/nmod:poss']
miss/news_1913_680801_cleaned_part15.txt/23,['miss/V'],['barry/nsubj']
miss/mag_1927_493480_cleaned_part34.txt/52,['miss/V'],['one/nsubj']
miss/fic_1922_3478_cleaned_part722.txt/19,['miss/V'],['viola/nsubj']
miss/mag_1928_254168_cleaned_part2.txt/46,['miss/V'],['who/nsubj']
miss/fic_1921_1149_cleaned_part779.txt/11,['miss/V'],['philip/nsubj']
miss/fic_1922_3478_cleaned_part769.txt/64,['miss/V'],['horse/nmod:poss']
miss/mag_1910_486695_cleaned_part49.txt/30,['miss/V'],['one/nsubj']
miss/mag_1926_447680_cleaned_part13.txt/40,['miss/V'],['some/nsubj']
miss/fic_1922_5627_cleaned_part1295.txt/5,['miss/V'],['roger/nsubj']
miss/mag_1912_430508_cleaned_part101.txt/14,['miss/V'],['none/nsubj']
miss/mag_1920_433751_cleaned_part8.txt/40,['miss/V'],['2/nsubj']
miss/mag_1917_430751_cleaned_part9.txt/55,['miss/V'],['who/nsubj']
miss/mag_1925_486194_cleaned_part4.txt/431,['miss/V'],['record/nsubj']
miss/fic_1917_3499_cleaned_part703.txt/5,['miss/V'],['pity/nsubj']
miss/mag_1929_152115_cleaned_part2.txt/24,['miss/V'],['who/nsubj']
miss/fic_1922_1726_cleaned_part985.txt/5,['miss/V'],"['mcleod/nsubj', 'mighty/det']"
miss/mag_1911_430486_cleaned_part41.txt/70,['miss/V'],['one/nsubj']
miss/fic_1922_4451_cleaned_part1050.txt/36,['miss/V'],['mother/nmod:poss']
miss/mag_1911_465620_cleaned_part24.txt/62,['miss/V'],['al/nsubj']
miss/mag_1924_152005_cleaned_part6.txt/43,['miss/V'],['captain/nsubj']
miss/fic_1921_1475_cleaned_part145.txt/45,['miss/V'],['shot/nmod:poss']
miss/mag_1915_430620_cleaned_part2.txt/38,['miss/V'],['who/nsubj']
miss/fic_1920_3348_cleaned_part955.txt/26,['miss/V'],['who/nsubj']
miss/mag_1916_486342_cleaned_part31.txt/30,['miss/V'],['mr.-/nsubj']
miss/fic_1921_3435_cleaned_part4.txt/33,['miss/V'],['that/nsubj']
miss/mag_1910_486699_cleaned_part93.txt/7,['miss/V'],['one/nsubj']
miss/mag_1917_487192_cleaned_part15.txt/90,['miss/V'],['collection/nmod:poss']
miss/fic_1917_776_cleaned_part2719.txt/60,['miss/V'],['two/nsubj']
miss/mag_1916_486369_cleaned_part32.txt/40,['miss/V'],['dis/nsubj']
miss/fic_1920_3482_cleaned_part885.txt/28,['miss/V'],['that/nsubj']
miss/mag_1914_493029_cleaned_part29.txt/10,['miss/V'],['who/nsubj']
miss/mag_1912_487115_cleaned_part9.txt/29,['miss/V'],['opponent/nmod:poss']
miss/mag_1914_435832_cleaned_part36.txt/32,['miss/V'],['who/nsubj']
miss/mag_1912_430526_cleaned_part43.txt/67,['miss/V'],['which/nsubj']
miss/mag_1910_465487_cleaned_part43.txt/32,['miss/V'],['one/det']
miss/fic_1922_3138_cleaned_part1303.txt/30,['miss/V'],['enemy/nmod:poss']
miss/mag_1925_490109_cleaned_part31.txt/11,['miss/V'],['sir/nsubj']
miss/mag_1927_430959_cleaned_part19.txt/29,['miss/V'],['people/nsubj']
miss/mag_1918_434442_cleaned_part20.txt/27,['miss/V'],['mother/nmod:poss']
miss/mag_1916_448356_cleaned_part7.txt/41,['miss/V'],['who/nsubj']
miss/mag_1927_468265_cleaned_part84.txt/8,['miss/V'],['gluttony/nsubj']
miss/mag_1915_430634_cleaned_part29.txt/5,['miss/V'],['who/nsubj']
miss/mag_1913_436241_cleaned_part85.txt/64,['miss/V'],['cattle/nsubj']
miss/fic_1920_3348_cleaned_part1341.txt/84,['miss/V'],['mcgurk/nsubj']
miss/mag_1922_432584_cleaned_part5.txt/29,['miss/V'],['one/nsubj']
miss/mag_1912_430524_cleaned_part27.txt/71,['miss/V'],['life/nsubj']
miss/fic_1921_3435_cleaned_part707.txt/90,['miss/V'],['bullet/nmod:poss']
miss/fic_1922_5627_cleaned_part1007.txt/128,['miss/V'],['jolly/nsubj']
miss/mag_1928_300261_cleaned_part3.txt/10,['miss/V'],['who/nsubj']
miss/mag_1928_490210_cleaned_part20.txt/61,['miss/V'],['who/nsubj']
miss/mag_1917_466710_cleaned_part89.txt/36,['miss/V'],['calcu/nsubj']
miss/mag_1923_219998_cleaned_part6.txt/16,['miss/V'],['zero/nsubj']
miss/mag_1927_301299_cleaned_part1.txt/17,['miss/V'],['that/nsubj']
miss/mag_1921_433427_cleaned_part92.txt/24,['miss/V'],['nothing/nsubj']
miss/mag_1928_164242_cleaned_part3.txt/8,['miss/V'],['brook/nsubj']
miss/mag_1915_466303_cleaned_part38.txt/17,['miss/V'],['murphy/nsubj']
miss/mag_1928_164249_cleaned_part2.txt/119,['miss/V'],['three/nsubj']
miss/mag_1918_486115_cleaned_part20.txt/102,['miss/V'],['some/nsubj']
miss/mag_1910_437426_cleaned_part75.txt/34,['miss/V'],['motor-car/nsubj']
miss/mag_1918_466917_cleaned_part48.txt/38,['miss/V'],['northerner/nsubj']
miss/fic_1920_216_cleaned_part3298.txt/6,['miss/V'],['who/nsubj']
miss/mag_1929_468520_cleaned_part3.txt/102,['miss/V'],['those/nsubj']
miss/news_1913_680426_cleaned_part1.txt/68,['miss/V'],['that/nsubj']
miss/news_1911_679383_cleaned_part4.txt/38,['miss/V'],"['other/det', 'one/amod']"
miss/news_1918_683935_cleaned_part2.txt/8,['miss/V'],['relative/amod']
miss/news_1926_692987_cleaned_part4.txt/34,['miss/V'],['much/nsubj']
miss/nf_1921_759074_cleaned_part423.txt/93,['miss/V'],['which/nsubj']
miss/nf_1921_751975_cleaned_part543.txt/40,['miss/V'],['mr.-/nsubj']
miss/news_1914_681206_cleaned_part4.txt/28,['miss/V'],['any/nsubj']
miss/news_1921_686672_cleaned_part31.txt/26,['miss/V'],['england/nsubj']
miss/nf_1928_773583_cleaned_part207.txt/30,['miss/V'],"['copy/amod', 'what/nsubj']"
miss/nf_1922_750735_cleaned_part103.txt/51,['miss/V'],['who/nsubj']
miss/nf_1925_774365_cleaned_part72.txt/9,['miss/V'],['who/nsubj']
miss/mag_1929_490240_cleaned_part53.txt/9,['miss/V'],['calder/nsubj']
miss/news_1925_691129_cleaned_part11.txt/27,['miss/V'],['nothing/nsubj']
miss/news_1921_686706_cleaned_part9.txt/14,['miss/V'],['carpentier/nsubj']
miss/news_1921_686706_cleaned_part5.txt/39,['miss/V'],['carpentier/nsubj']
miss/news_1921_686706_cleaned_part6.txt/42,['miss/V'],['dempsey/nsubj']
miss/news_1922_688009_cleaned_part1.txt/49,['miss/V'],['txt/nsubj']
miss/news_1927_693659_cleaned_part1.txt/44,['miss/V'],['who/nsubj']
miss/mag_1925_467920_cleaned_part2.txt/46,['miss/V'],['one/det']
miss/mag_1928_300030_cleaned_part2.txt/9,['miss/V'],['victoria/nsubj']
miss/news_1922_687572_cleaned_part89.txt/36,['miss/V'],['lady/nsubj']
miss/news_1924_690919_cleaned_part7.txt/8,['miss/V'],['some/nsubj']
miss/news_1911_679558_cleaned_part1.txt/19,['miss/V'],['salvatore/nsubj']
miss/news_1922_688413_cleaned_part30.txt/51,['miss/V'],['photographer/nsubj']
miss/news_1928_694767_cleaned_part5.txt/78,['miss/V'],['people/nsubj']
miss/news_1927_693922_cleaned_part4.txt/53,['miss/V'],['who/nsubj']
miss/news_1928_695345_cleaned_part4.txt/28,['miss/V'],['sheriff/nsubj']
miss/mag_1925_254499_cleaned_part1.txt/16,['miss/V'],['elder/nmod:poss']
miss/mag_1922_432566_cleaned_part18.txt/5,['miss/V'],['that/nsubj']
miss/nf_1918_773940_cleaned_part185.txt/78,['miss/V'],['who/nsubj']
miss/mag_1928_254226_cleaned_part5.txt/114,['miss/V'],['who/nsubj']
miss/news_1910_679215_cleaned_part5.txt/60,['miss/V'],['which/nsubj']
miss/mag_1925_447883_cleaned_part92.txt/37,['miss/V'],['eye/nmod:poss']
miss/nf_1911_774005_cleaned_part105.txt/65,['miss/V'],['sloop/nmod:poss']
miss/mag_1923_253653_cleaned_part5.txt/76,['miss/V'],['d.-/nsubj']
miss/news_1918_684031_cleaned_part1.txt/62,['miss/V'],['which/nsubj']
miss/news_1917_683386_cleaned_part1.txt/64,['miss/V'],['some/nsubj']
miss/news_1922_688377_cleaned_part6.txt/11,['miss/V'],['ho/nsubj']
miss/mag_1929_490233_cleaned_part45.txt/45,['miss/V'],['1/nsubj']
miss/mag_1928_300287_cleaned_part7.txt/11,['miss/V'],['judge/nsubj']
miss/news_1923_689073_cleaned_part7.txt/74,['miss/V'],['b/nsubj']
miss/news_1928_695460_cleaned_part3.txt/54,['miss/V'],['daughter/nmod:poss']
miss/news_1912_679860_cleaned_part9.txt/48,['miss/V'],['rey/nsubj']
miss/news_1911_679653_cleaned_part9.txt/13,['miss/V'],['one/nsubj']
miss/mag_1926_490124_cleaned_part11.txt/61,['miss/V'],['kahn/nsubj']
miss/mag_1925_254478_cleaned_part1.txt/16,['miss/V'],['zaghlul/nsubj']
miss/mag_1928_490192_cleaned_part16.txt/41,['miss/V'],['thousands/nsubj']
miss/mag_1927_493382_cleaned_part5.txt/24,['miss/V'],['intellectual/amod']
miss/news_1916_682589_cleaned_part7.txt/5,['miss/V'],['colonel/nsubj']
miss/news_1910_678859_cleaned_part4.txt/28,['miss/V'],['who/nsubj']
miss/mag_1923_219958_cleaned_part2.txt/58,['miss/V'],['justice/nsubj']
miss/mag_1929_430994_cleaned_part48.txt/55,['miss/V'],['institutionalism/nsubj']
miss/mag_1921_467371_cleaned_part88.txt/79,['miss/V'],['button/nsubj']
miss/news_1928_694998_cleaned_part28.txt/3,['miss/V'],['aviation/nsubj']
miss/news_1914_681310_cleaned_part8.txt/11,['miss/V'],['other/nsubj']
miss/mag_1928_164526_cleaned_part1.txt/10,['miss/V'],['game/nmod:poss']
miss/news_1922_688336_cleaned_part2.txt/6,['miss/V'],['erie/nsubj']
miss/news_1917_683431_cleaned_part12.txt/67,['miss/V'],['who/nsubj']
miss/news_1914_681024_cleaned_part14.txt/25,['miss/V'],['daly/nsubj']
miss/mag_1924_493326_cleaned_part36.txt/73,['miss/V'],['which/nsubj']
miss/mag_1920_467201_cleaned_part26.txt/36,['miss/V'],['karl/nsubj']
miss/mag_1923_457167_cleaned_part47.txt/52,['miss/V'],['that/nsubj']
miss/mag_1929_301155_cleaned_part4.txt/10,['miss/V'],['who/nsubj']
miss/mag_1922_430882_cleaned_part32.txt/8,['miss/V'],['door/nsubj']
miss/mag_1927_152311_cleaned_part1.txt/76,['miss/V'],['t/compound']
miss/nf_1916_773620_cleaned_part67.txt/105,['miss/V'],['visitor/nsubj']
miss/mag_1922_430882_cleaned_part118.txt/102,['miss/V'],['rain/nsubj']
miss/mag_1927_490168_cleaned_part37.txt/20,['miss/V'],['who/nsubj']
miss/mag_1927_468333_cleaned_part65.txt/7,['miss/V'],['one/nsubj']
miss/nf_1919_755484_cleaned_part46.txt/43,['miss/V'],['ship/nmod:poss']
miss/nf_1917_771398_cleaned_part192.txt/51,['miss/V'],['one/nsubj']
miss/mag_1925_490106_cleaned_part21.txt/48,['miss/V'],['someone/nsubj']
miss/mag_1926_447736_cleaned_part64.txt/9,['miss/V'],['american/nsubj']
miss/mag_1921_430865_cleaned_part320.txt/85,['miss/V'],['wheel/nmod:poss']
miss/mag_1925_253812_cleaned_part2.txt/13,['miss/V'],['daddy/nsubj']
miss/mag_1928_493497_cleaned_part15.txt/40,['miss/V'],['lady/nsubj']
miss/mag_1928_254195_cleaned_part1.txt/19,['miss/V'],['stone/nsubj']
miss/mag_1926_490134_cleaned_part46.txt/150,['miss/V'],['who/nsubj']
miss/mag_1922_430877_cleaned_part19.txt/84,['miss/V'],['other/det']
miss/nf_1919_755877_cleaned_part817.txt/3,['miss/V'],['another/nsubj']
miss/mag_1927_493479_cleaned_part28.txt/71,['miss/V'],['people/nsubj']
miss/nf_1918_773940_cleaned_part58.txt/81,['miss/V'],['rome/nsubj']
miss/nf_1913_774353_cleaned_part145.txt/42,['miss/V'],['child/nsubj']
miss/nf_1916_773771_cleaned_part39.txt/102,['miss/V'],['steamship/compound']
miss/nf_1911_748876_cleaned_part291.txt/38,['miss/V'],['bullet/nmod:poss']
miss/news_1925_691949_cleaned_part11.txt/50,['miss/V'],['some/nsubj']
miss/news_1929_696875_cleaned_part1.txt/35,['miss/V'],['reviewer/nmod:poss']
miss/news_1927_693590_cleaned_part1.txt/23,['miss/V'],['mr.-/nsubj']
miss/news_1927_694466_cleaned_part1.txt/43,['miss/V'],['hawthorne/nsubj']
miss/nf_1919_772556_cleaned_part786.txt/18,['miss/V'],['kumar/nsubj']
miss/news_1928_695133_cleaned_part9.txt/57,['miss/V'],['some/nsubj']
miss/nf_1913_761343_cleaned_part495.txt/63,['miss/V'],['douglas/nsubj']
miss/news_1925_691581_cleaned_part1.txt/22,['miss/V'],['mr.-/nsubj']
miss/nf_1917_749170_cleaned_part414.txt/16,['miss/V'],['several/nsubj']
miss/news_1926_693188_cleaned_part27.txt/56,['miss/V'],['alex/nsubj']
miss/nf_1911_773417_cleaned_part325.txt/94,['miss/V'],['that/nsubj']
miss/news_1928_695131_cleaned_part6.txt/35,['miss/V'],['who/nsubj']
miss/nf_1917_769392_cleaned_part477.txt/58,['miss/V'],['that/nsubj']
miss/nf_1917_749170_cleaned_part610.txt/56,['miss/V'],['who/nsubj']
miss/news_1929_696183_cleaned_part8.txt/44,['miss/V'],['musical/nsubj']
miss/news_1928_694729_cleaned_part2.txt/39,['miss/V'],['gunn/nsubj']
miss/news_1921_686706_cleaned_part28.txt/34,['miss/V'],['carpentier/nsubj']
miss/news_1929_696118_cleaned_part2.txt/75,['miss/V'],['those/nsubj']
miss/news_1921_686706_cleaned_part32.txt/33,['miss/V'],['which/nsubj']
miss/news_1921_686706_cleaned_part34.txt/6,['miss/V'],['dempsey/nsubj']
miss/news_1921_686706_cleaned_part34.txt/22,['miss/V'],['carpentier/nsubj']
miss/news_1921_686706_cleaned_part35.txt/4,['miss/V'],['tier/compound']
miss/news_1929_695954_cleaned_part12.txt/32,['miss/V'],['those/nsubj']
miss/news_1929_695786_cleaned_part17.txt/45,['miss/V'],['who/nsubj']
miss/news_1929_696505_cleaned_part6.txt/36,['miss/V'],['reader/nmod:poss']
miss/news_1920_685485_cleaned_part7.txt/59,['miss/V'],['s.-a/nsubj']
miss/news_1924_689824_cleaned_part1.txt/46,['miss/V'],['beauty/nmod:poss']
miss/news_1925_691178_cleaned_part3.txt/36,['miss/V'],['which/nsubj']
miss/nf_1921_751181_cleaned_part478.txt/21,['miss/V'],['half/advmod']
miss/nf_1922_749948_cleaned_part809.txt/64,['miss/V'],['who/nsubj']
miss/nf_1923_774223_cleaned_part719.txt/16,['miss/V'],['whoever/nsubj']
